CODIGO_PROYECTO;N;SUBDIRECCION;PROGRAMA_CONICYT;INSTRUMENTO;NOMBRE_CONCURSO;ANO_CONCURSO;ANO_FALLO;NOMBRE_PROYECTO;AREA_OCDE;DISCIPLINA_DETALLE;GRUPO_DE_EVALUACION;DURACION_MESES;TIPO_BENEFICIARIO;NOMBRE_RESPONSABLE;SEXO;INSTITUCION_PRINCIPAL;MACROZONA MINCIENCIA (segUn ax);REGION_EJECUCION;MONTO ADJUDICADO (MILES $);M$_SINFO_NOSOLICITA
ICN99_001;1;SUBDIRECCION DE CENTROS E INVESTIGACION ASOCIATIVA;MILENIO;INSTITUTO MILENIO EN CIENCIAS NATURALES Y EXACTAS;CONCURSO DE PROYECTOS 1999 INSTITUTOS Y NUCLEOS CIENTIFICOS MILENIO;1999;1999;MILLENNIUM INSTITUTE FOR FUNDAMENTAL AND APPLIED BIOLOGY (IFAB);CIENCIAS NATURALES;SIN INFORMACION;NO APLICA;120;PERSONA NATURAL;PABLO VALENZUELA VALDES;HOMBRE;NO APLICA;RM;REGION METROPOLITANA; $6.834.806 ;
ICN99_003;3;SUBDIRECCION DE CENTROS E INVESTIGACION ASOCIATIVA;MILENIO;INSTITUTO MILENIO EN CIENCIAS NATURALES Y EXACTAS;CONCURSO DE PROYECTOS 1999 INSTITUTOS Y NUCLEOS CIENTIFICOS MILENIO;1999;1999;MILLENIUM INSTITUTE FOR ADVANCED STUDIES IN CELL BIOLOGY AND BIOTECHNOLOGY (IASBB);CIENCIAS NATURALES;SIN INFORMACION;NO APLICA;60;PERSONA NATURAL;RICARDO MACCIONI BARAONA;HOMBRE;NO APLICA;RM;REGION METROPOLITANA; $3.316.971 ;
ICN99_005;5;SUBDIRECCION DE CENTROS E INVESTIGACION ASOCIATIVA;MILENIO;INSTITUTO MILENIO EN CIENCIAS NATURALES Y EXACTAS;CONCURSO DE PROYECTOS 1999 INSTITUTOS Y NUCLEOS CIENTIFICOS MILENIO;1999;1999;CENTRO DE ESTUDIOS CIENTIFICOS;CIENCIAS NATURALES;SIN INFORMACION;NO APLICA;120;PERSONA NATURAL;CLAUDIO TEITELBOIM WEITZMANN;HOMBRE;NO APLICA;RM;REGION METROPOLITANA; $7.420.108 ;
NCN99_037;50;SUBDIRECCION DE CENTROS E INVESTIGACION ASOCIATIVA;MILENIO;NUCLEO MILENIO EN CIENCIAS NATURALES Y EXACTAS;CONCURSO DE PROYECTOS 1999 INSTITUTOS Y NUCLEOS CIENTIFICOS MILENIO;1999;1999;"METAL DISPERSED SYSTEMS. APPLICATIONS FINE CHEMISTRY""";CIENCIAS NATURALES;SIN INFORMACION;NO APLICA;36;PERSONA NATURAL;PATRICIO REYES NUÑEZ;HOMBRE;NO APLICA;SUR;REGION DEL BIOBIO; $399.000 ;
NCN99_040-R02;53;SUBDIRECCION DE CENTROS E INVESTIGACION ASOCIATIVA;MILENIO;NUCLEO MILENIO EN CIENCIAS NATURALES Y EXACTAS;CONCURSO DE PROYECTOS 1999 INSTITUTOS Y NUCLEOS CIENTIFICOS MILENIO;1999;1999;CENTER FOR ADVANCED STUDIES IN ECOLOGY AND RESEARCH ON BIODIVERSITY;CIENCIAS NATURALES;SIN INFORMACION;NO APLICA;72;PERSONA NATURAL;MARY KALIN ARROYO;MUJER;NO APLICA;RM;REGION METROPOLITANA; $703.500 ;
NCN99_047-R02;60;SUBDIRECCION DE CENTROS E INVESTIGACION ASOCIATIVA;MILENIO;NUCLEO MILENIO EN CIENCIAS NATURALES Y EXACTAS;CONCURSO DE PROYECTOS 1999 INSTITUTOS Y NUCLEOS CIENTIFICOS MILENIO;1999;1999;CONDENSED MATTER PHYSICS;CIENCIAS NATURALES;SIN INFORMACION;NO APLICA;72;PERSONA NATURAL;PATRICIO VARGAS CANTIN;HOMBRE;NO APLICA;RM;REGION METROPOLITANA; $852.000 ;
NCN99_048-R02;61;SUBDIRECCION DE CENTROS E INVESTIGACION ASOCIATIVA;MILENIO;NUCLEO MILENIO EN CIENCIAS NATURALES Y EXACTAS;CONCURSO DE PROYECTOS 1999 INSTITUTOS Y NUCLEOS CIENTIFICOS MILENIO;1999;1999;MILLENNIUM NUCLEUS IN DEVELOPMENTAL BIOLOGY (MNDB);CIENCIAS NATURALES;SIN INFORMACION;NO APLICA;72;PERSONA NATURAL;ROBERTO MAYOR CARO;HOMBRE;NO APLICA;RM;REGION METROPOLITANA; $852.000 ;
NCN99_063;76;SUBDIRECCION DE CENTROS E INVESTIGACION ASOCIATIVA;MILENIO;NUCLEO MILENIO EN CIENCIAS NATURALES Y EXACTAS;CONCURSO DE PROYECTOS 1999 INSTITUTOS Y NUCLEOS CIENTIFICOS MILENIO;1999;1999;VALPARAISO CENTER FOR CELLULAR AND MOLECULAR NEUROSCIENCE;CIENCIAS NATURALES;SIN INFORMACION;NO APLICA;36;PERSONA NATURAL;ALAN NEELY DELGUEIL;HOMBRE;NO APLICA;CENTRO;REGION DE VALPARAISO; $399.000 ;
NCN01_005-R04;81;SUBDIRECCION DE CENTROS E INVESTIGACION ASOCIATIVA;MILENIO;NUCLEO MILENIO EN CIENCIAS NATURALES Y EXACTAS;CONCURSO DE PROYECTOS 2001 NUCLEOS CIENTIFICOS MILENIO;2001;2002;NUCLEUS MILLENNIUM ON INFORMATION AND RANDOMNESS:  FUNDAMENTAL AND APPLICATIONS;CIENCIAS NATURALES;SIN INFORMACION;NO APLICA;72;PERSONA NATURAL;SERVET MARTINEZ AGUILERA;HOMBRE;NO APLICA;RM;REGION METROPOLITANA; $892.500 ;
NCN01_007-R04;83;SUBDIRECCION DE CENTROS E INVESTIGACION ASOCIATIVA;MILENIO;NUCLEO MILENIO EN CIENCIAS NATURALES Y EXACTAS;CONCURSO DE PROYECTOS 2001 NUCLEOS CIENTIFICOS MILENIO;2001;2002;INTEGRATIVE NEUROSCIENCE;MEDICINA Y CIENCIAS DE LA SALUD;SIN INFORMACION;NO APLICA;72;PERSONA NATURAL;PEDRO MALDONADO;HOMBRE;NO APLICA;RM;REGION METROPOLITANA; $952.500 ;
NCN01_029-R04;105;SUBDIRECCION DE CENTROS E INVESTIGACION ASOCIATIVA;MILENIO;NUCLEO MILENIO EN CIENCIAS NATURALES Y EXACTAS;CONCURSO DE PROYECTOS 2001 NUCLEOS CIENTIFICOS MILENIO;2001;2001;PROPOSAL OF MILLENNIUM SCIENTIFIC NUCLEUS FOR WEB RESEARCH;INGENIERIA Y TECNOLOGIA;SIN INFORMACION;NO APLICA;72;PERSONA NATURAL;RICARDO BAEZA YATES;HOMBRE;NO APLICA;RM;REGION METROPOLITANA; $929.000 ;
NCN01_034-R04;110;SUBDIRECCION DE CENTROS E INVESTIGACION ASOCIATIVA;MILENIO;NUCLEO MILENIO EN CIENCIAS NATURALES Y EXACTAS;CONCURSO DE PROYECTOS 2001 NUCLEOS CIENTIFICOS MILENIO;2001;2001;ENGINEERING OF COMPLEX SYSTEMS;INGENIERIA Y TECNOLOGIA;SIN INFORMACION;NO APLICA;72;PERSONA NATURAL;ANDRES WEINTRAUB POHORILLE;HOMBRE;NO APLICA;RM;REGION METROPOLITANA; $1.219.000 ;
NCN01_057-R04;133;SUBDIRECCION DE CENTROS E INVESTIGACION ASOCIATIVA;MILENIO;NUCLEO MILENIO EN CIENCIAS NATURALES Y EXACTAS;CONCURSO DE PROYECTOS 2001 NUCLEOS CIENTIFICOS MILENIO;2001;2001;FOREST ECOSYSTEMIC SERVICES TO AQUATIC SYSTEMS UNDER CLIMATIC FLUCTUATIONS;CIENCIAS AGRICOLAS;SIN INFORMACION;NO APLICA;72;PERSONA NATURAL;ANTONIO LARA A.;HOMBRE;NO APLICA;SUR;REGION DE LOS LAGOS; $929.000 ;
NCN02_004;140;SUBDIRECCION DE CENTROS E INVESTIGACION ASOCIATIVA;MILENIO;NUCLEO MILENIO EN CIENCIAS NATURALES Y EXACTAS;CONCURSO DE PROYECTOS 2002 NUCLEOS CIENTIFICOS MILENIO;2002;2003;MILLENNIUM NUCLEUS FOR APPLIED QUANTUM MECHANICS AND COMPUTATIONAL CHEMISTRY;CIENCIAS NATURALES;SIN INFORMACION;NO APLICA;36;PERSONA NATURAL;PATRICIA PEREZ LOPEZ;MUJER;NO APLICA;RM;REGION METROPOLITANA; $487.500 ;
NCN02_009-R06;145;SUBDIRECCION DE CENTROS E INVESTIGACION ASOCIATIVA;MILENIO;NUCLEO MILENIO EN CIENCIAS NATURALES Y EXACTAS;CONCURSO DE PROYECTOS 2002 NUCLEOS CIENTIFICOS MILENIO;2002;2003;THE MILLENNIUM NUCLEUS IN PLANT CELL BIOLOGY;CIENCIAS NATURALES;SIN INFORMACION;NO APLICA;72;PERSONA NATURAL;ARIEL ORELLANA LOPEZ;HOMBRE;NO APLICA;RM;REGION METROPOLITANA; $1.022.394 ;
NCN02_033-R06;169;SUBDIRECCION DE CENTROS E INVESTIGACION ASOCIATIVA;MILENIO;NUCLEO MILENIO EN CIENCIAS NATURALES Y EXACTAS;CONCURSO DE PROYECTOS 2002 NUCLEOS CIENTIFICOS MILENIO;2002;2003;MILLENNIUM SCIENCE NUCLEUS OF SEISMOTECTONICS AND SEISMIC HAZARD;CIENCIAS NATURALES;SIN INFORMACION;NO APLICA;72;PERSONA NATURAL;JAIME CAMPOS MUÑOZ;HOMBRE;NO APLICA;RM;REGION METROPOLITANA; $994.000 ;
NCN02_049-R06;185;SUBDIRECCION DE CENTROS E INVESTIGACION ASOCIATIVA;MILENIO;NUCLEO MILENIO EN CIENCIAS NATURALES Y EXACTAS;CONCURSO DE PROYECTOS 2002 NUCLEOS CIENTIFICOS MILENIO;2002;2003;CENTER FOR QUANTUM OPTICS AND QUANTUM INFORMANTION;CIENCIAS NATURALES;SIN INFORMACION;NO APLICA;72;PERSONA NATURAL;CARLOS SAAVEDRA RUBILAR;HOMBRE;NO APLICA;SUR;REGION DEL BIOBIO; $1.031.500 ;
NCN04_007;193;SUBDIRECCION DE CENTROS E INVESTIGACION ASOCIATIVA;MILENIO;NUCLEO MILENIO EN CIENCIAS NATURALES Y EXACTAS;CONCURSO DE PROYECTOS 2004 NUCLEOS CIENTIFICOS MILENIO;2004;2005;MICROBIAL ECOLOGY AND ENVIRONMENTAL MICROBIOLOGY AND BIOTECHNOLOGY;CIENCIAS NATURALES;SIN INFORMACION;NO APLICA;36;PERSONA NATURAL;BERNARDO GONZALEZ OJEDA;HOMBRE;NO APLICA;RM;REGION METROPOLITANA; $486.500 ;
NCN04_030-R07;216;SUBDIRECCION DE CENTROS E INVESTIGACION ASOCIATIVA;MILENIO;NUCLEO MILENIO EN CIENCIAS NATURALES Y EXACTAS;CONCURSO DE PROYECTOS 2004 NUCLEOS CIENTIFICOS MILENIO;2004;2005;MILLENNIUM NUCLEUS ON IMMUNOLOGY AND IMMUNOTHERAPY;CIENCIAS NATURALES;SIN INFORMACION;NO APLICA;72;PERSONA NATURAL;ALEXIS KALERGIS PARRA;HOMBRE;NO APLICA;RM;REGION METROPOLITANA; $450.000 ;
NCN04_048-R07;234;SUBDIRECCION DE CENTROS E INVESTIGACION ASOCIATIVA;MILENIO;NUCLEO MILENIO EN CIENCIAS NATURALES Y EXACTAS;CONCURSO DE PROYECTOS 2004 NUCLEOS CIENTIFICOS MILENIO;2004;2005;POWER ELECTRONICS AND MECHATRONICS;CIENCIAS NATURALES;SIN INFORMACION;NO APLICA;72;PERSONA NATURAL;JORGE PONTT OLIVARES;HOMBRE;NO APLICA;CENTRO;REGION DE VALPARAISO; $1.047.055 ;
ICN05_001;250;SUBDIRECCION DE CENTROS E INVESTIGACION ASOCIATIVA;MILENIO;INSTITUTO MILENIO EN CIENCIAS NATURALES Y EXACTAS;CONCURSO DE PROYECTOS 2005 INSTITUTOS CIENTIFICOS MILENIO;2005;2005;INSTITUTE FOR CELL DYNAMICS AND BIOTECHNOLOGY (ICDB);CIENCIAS NATURALES;SIN INFORMACION;NO APLICA;60;PERSONA NATURAL;JUAN ALFONSO ASENJO DE LEUZE;HOMBRE;NO APLICA;RM;REGION METROPOLITANA; $3.843.456 ;
ICN05_002;251;SUBDIRECCION DE CENTROS E INVESTIGACION ASOCIATIVA;MILENIO;INSTITUTO MILENIO EN CIENCIAS NATURALES Y EXACTAS;CONCURSO DE PROYECTOS 2005 INSTITUTOS CIENTIFICOS MILENIO;2005;2005;INSTITUTE OF ECOLOGY AND BIODIVERSITY (IEB);CIENCIAS NATURALES;SIN INFORMACION;NO APLICA;120;PERSONA NATURAL;MARY THERESE KALIN HURLEY;MUJER;NO APLICA;RM;REGION METROPOLITANA; $8.180.970 ;
ICN05_004;253;SUBDIRECCION DE CENTROS E INVESTIGACION ASOCIATIVA;MILENIO;INSTITUTO MILENIO EN CIENCIAS NATURALES Y EXACTAS;CONCURSO DE PROYECTOS 2005 INSTITUTOS CIENTIFICOS MILENIO;2005;2005;COMPLEX ENGINEERING SYSTEMS;INGENIERIA Y TECNOLOGIA;SIN INFORMACION;NO APLICA;120;PERSONA NATURAL;ANDRES FELIX WEINTRAUB POHORILLE;HOMBRE;NO APLICA;RM;REGION METROPOLITANA; $7.789.798 ;
NCN06_008-R10;271;SUBDIRECCION DE CENTROS E INVESTIGACION ASOCIATIVA;MILENIO;NUCLEO MILENIO EN CIENCIAS NATURALES Y EXACTAS;CONCURSO DE PROYECTOS 2006 NUCLEOS CIENTIFICOS MILENIO;2006;2007;STRESS AND ADDICTION:  FROM MOLECULES TO BEHAVIOUR;CIENCIAS NATURALES;SIN INFORMACION;NO APLICA;72;PERSONA NATURAL;KATIA CECILIA GYSLING CASELLI;MUJER;NO APLICA;RM;REGION METROPOLITANA; $1.147.679 ;
NCN06_009-R10;272;SUBDIRECCION DE CENTROS E INVESTIGACION ASOCIATIVA;MILENIO;NUCLEO MILENIO EN CIENCIAS NATURALES Y EXACTAS;CONCURSO DE PROYECTOS 2006 NUCLEOS CIENTIFICOS MILENIO;2006;2007;MILLENNIUM NUCLEUS FOR PLANT FUNCTIONAL GENOMICS;CIENCIAS NATURALES;SIN INFORMACION;NO APLICA;72;PERSONA NATURAL;RODRIGO GUTIERREZ ILABACA;HOMBRE;NO APLICA;RM;REGION METROPOLITANA; $1.767.102 ;
NCN06_022-R10;285;SUBDIRECCION DE CENTROS E INVESTIGACION ASOCIATIVA;MILENIO;NUCLEO MILENIO EN CIENCIAS NATURALES Y EXACTAS;CONCURSO DE PROYECTOS 2006 NUCLEOS CIENTIFICOS MILENIO;2006;2007;BASIC AND APPLIED MAGNETISM;CIENCIAS NATURALES;SIN INFORMACION;NO APLICA;72;PERSONA NATURAL;DORA ALTBIR DRULLLINSKY;MUJER;NO APLICA;RM;REGION METROPOLITANA; $1.149.972 ;
NCN06_039;302;SUBDIRECCION DE CENTROS E INVESTIGACION ASOCIATIVA;MILENIO;NUCLEO MILENIO EN CIENCIAS NATURALES Y EXACTAS;CONCURSO DE PROYECTOS 2006 NUCLEOS CIENTIFICOS MILENIO;2006;2007;CENTER FOR GENOMICS OF THE CELL (CGC);CIENCIAS NATURALES;SIN INFORMACION;NO APLICA;36;PERSONA NATURAL;MIGUEL ALLENDE CONNELLY;HOMBRE;NO APLICA;RM;REGION METROPOLITANA; $535.000 ;
NCN06_045-R10;308;SUBDIRECCION DE CENTROS E INVESTIGACION ASOCIATIVA;MILENIO;NUCLEO MILENIO EN CIENCIAS NATURALES Y EXACTAS;CONCURSO DE PROYECTOS 2006 NUCLEOS CIENTIFICOS MILENIO;2006;2007;MILLENNIUM CENTER FOR SUPERNOVA SCIENCE;CIENCIAS NATURALES;SIN INFORMACION;NO APLICA;72;PERSONA NATURAL;MARIO HAMUY WACKENHUT;HOMBRE;NO APLICA;RM;REGION METROPOLITANA; $418.379 ;
NCN07_006-R12;332;SUBDIRECCION DE CENTROS E INVESTIGACION ASOCIATIVA;MILENIO;NUCLEO MILENIO EN CIENCIAS NATURALES Y EXACTAS;CONCURSO DE PROYECTOS 2007 DE INVESTIGACION EN CIENCIAS NATURALES;2007;2007;MOLECULAR ENGINEERING AND SUPRAMOLECULAR CHEMISTRY FOR CATALYSIS, ELECTROCATALYSIS, REMEDIATION AND ENERGY CONVERSION;INGENIERIA Y TECNOLOGIA;SIN INFORMACION;NO APLICA;72;PERSONA NATURAL;RAMIRO ARRATIA PEREZ;HOMBRE;NO APLICA;RM;REGION METROPOLITANA; $1.157.821 ;
NCN07_011-R12;337;SUBDIRECCION DE CENTROS E INVESTIGACION ASOCIATIVA;MILENIO;NUCLEO MILENIO EN CIENCIAS NATURALES Y EXACTAS;CONCURSO DE PROYECTOS 2007 DE INVESTIGACION EN CIENCIAS NATURALES;2007;2007;MILLENNIUM NUCLEUS IN REGENERATIVE BIOLOGY;CIENCIAS NATURALES;SIN INFORMACION;NO APLICA;72;PERSONA NATURAL;JUAN LARRAIN CORREA/FRANCISCA BRONFMAN;HOMBRE;NO APLICA;RM;REGION METROPOLITANA; $1.157.821 ;
NCN07_021;347;SUBDIRECCION DE CENTROS E INVESTIGACION ASOCIATIVA;MILENIO;NUCLEO MILENIO EN CIENCIAS NATURALES Y EXACTAS;CONCURSO DE PROYECTOS 2007 DE INVESTIGACION EN CIENCIAS NATURALES;2007;2007;MILKY WAY MILLENNIUM;CIENCIAS NATURALES;SIN INFORMACION;NO APLICA;36;PERSONA NATURAL;MARCIO CATELAN;HOMBRE;NO APLICA;RM;REGION METROPOLITANA; $545.821 ;
NCN07_027-R12;353;SUBDIRECCION DE CENTROS E INVESTIGACION ASOCIATIVA;MILENIO;NUCLEO MILENIO EN CIENCIAS NATURALES Y EXACTAS;CONCURSO DE PROYECTOS 2007 DE INVESTIGACION EN CIENCIAS NATURALES;2007;2007;MATHEMATICAL THEORY ON QUANTUM AND CLASSICAL MAGNETIC SYSTEMS;CIENCIAS NATURALES;SIN INFORMACION;NO APLICA;72;PERSONA NATURAL;RAFAEL BENGURIA DONOSO;HOMBRE;NO APLICA;RM;REGION METROPOLITANA; $1.153.708 ;
NCN07_048;374;SUBDIRECCION DE CENTROS E INVESTIGACION ASOCIATIVA;MILENIO;NUCLEO MILENIO EN CIENCIAS NATURALES Y EXACTAS;CONCURSO DE PROYECTOS 2007 DE INVESTIGACION EN CIENCIAS NATURALES;2007;2007;NUCLEUS OF NEURAL MORPHOGENESIS;CIENCIAS NATURALES;SIN INFORMACION;NO APLICA;36;PERSONA NATURAL;MIGUEL CONCHA NORDEMANN;HOMBRE;NO APLICA;RM;REGION METROPOLITANA; $290.821 ;
NCS07_016;427;SUBDIRECCION DE CENTROS E INVESTIGACION ASOCIATIVA;MILENIO;NUCLEO MILENIO EN CIENCIAS SOCIALES;CONCURSO DE PROYECTOS 2007 NUCLEOS MILENIO DE INVESTIGACION EN CIENCIAS SOCIALES;2007;2007;DEVELOPMENT OF THE CHILEAN ECONOMY RESEARCH PROGRAM:  THE ECONOMY IN NUMBERS AND CLIOMETRIC EXAM OF SOME CASES;CIENCIAS SOCIALES;SIN INFORMACION;NO APLICA;36;PERSONA NATURAL;GERT WAGNER HANDWERCK;HOMBRE;NO APLICA;RM;REGION METROPOLITANA; $180.000 ;
NCS07_021;432;SUBDIRECCION DE CENTROS E INVESTIGACION ASOCIATIVA;MILENIO;NUCLEO MILENIO EN CIENCIAS SOCIALES;CONCURSO DE PROYECTOS 2007 NUCLEOS MILENIO DE INVESTIGACION EN CIENCIAS SOCIALES;2007;2007;THE TEACHING PROFESSION IN CHILE:  POLICIES, PRACTICES AND PROJECTIONS;CIENCIAS SOCIALES;SIN INFORMACION;NO APLICA;36;PERSONA NATURAL;BEATRICE AVALOS DAVIDSON;MUJER;NO APLICA;RM;REGION METROPOLITANA; $180.000 ;
NCS07_023-R10;434;SUBDIRECCION DE CENTROS E INVESTIGACION ASOCIATIVA;MILENIO;NUCLEO MILENIO EN CIENCIAS SOCIALES;CONCURSO DE PROYECTOS 2007 NUCLEOS MILENIO DE INVESTIGACION EN CIENCIAS SOCIALES;2007;2007;CENTRO DE MICRODATOS;CIENCIAS SOCIALES;SIN INFORMACION;NO APLICA;72;PERSONA NATURAL;DAVID BRAVO URRUTIA;HOMBRE;NO APLICA;RM;REGION METROPOLITANA; $388.379 ;
NCS07_024;435;SUBDIRECCION DE CENTROS E INVESTIGACION ASOCIATIVA;MILENIO;NUCLEO MILENIO EN CIENCIAS SOCIALES;CONCURSO DE PROYECTOS 2007 NUCLEOS MILENIO DE INVESTIGACION EN CIENCIAS SOCIALES;2007;2007;SOCIOECONOMIC RESEARCH ON DRUGS USE AND ABUSE;CIENCIAS SOCIALES;SIN INFORMACION;NO APLICA;36;PERSONA NATURAL;EDUARDO VALENZUELA CARVALLO;HOMBRE;NO APLICA;RM;REGION METROPOLITANA; $180.000 ;
NCS07_030;441;SUBDIRECCION DE CENTROS E INVESTIGACION ASOCIATIVA;MILENIO;NUCLEO MILENIO EN CIENCIAS SOCIALES;CONCURSO DE PROYECTOS 2007 NUCLEOS MILENIO DE INVESTIGACION EN CIENCIAS SOCIALES;2007;2007;CENTER FOR RESEARCH ON SOCIAL STRUCTURE;CIENCIAS SOCIALES;SIN INFORMACION;NO APLICA;36;PERSONA NATURAL;RAUL ATRIA BENAPRES;HOMBRE;NO APLICA;RM;REGION METROPOLITANA; $180.000 ;
NCS07_039-R10;450;SUBDIRECCION DE CENTROS E INVESTIGACION ASOCIATIVA;MILENIO;NUCLEO MILENIO EN CIENCIAS SOCIALES;CONCURSO DE PROYECTOS 2007 NUCLEOS MILENIO DE INVESTIGACION EN CIENCIAS SOCIALES;2007;2007;RESEARCH CENTER IN EDUCATION IN INDIGENOUS AND INERCULTURAL CONTEXTS;CIENCIAS SOCIALES;SIN INFORMACION;NO APLICA;72;PERSONA NATURAL;DANIEL QUILAQUEO RAPIMAN;HOMBRE;NO APLICA;SUR;REGION DE LA ARAUCANIA; $388.379 ;
NCS07_049-R10;460;SUBDIRECCION DE CENTROS E INVESTIGACION ASOCIATIVA;MILENIO;NUCLEO MILENIO EN CIENCIAS SOCIALES;CONCURSO DE PROYECTOS 2007 NUCLEOS MILENIO DE INVESTIGACION EN CIENCIAS SOCIALES;2007;2007;REGIONAL SCIENCE AND PUBLIC POLICY;CIENCIAS SOCIALES;SIN INFORMACION;NO APLICA;72;PERSONA NATURAL;PATRICIO AROCA GONZALEZ;HOMBRE;NO APLICA;NORTE;REGION DE ANTOFAGASTA; $60.000 ;
ICN09_015;475;SUBDIRECCION DE CENTROS E INVESTIGACION ASOCIATIVA;MILENIO;INSTITUTO MILENIO EN CIENCIAS NATURALES Y EXACTAS;CONCURSO DE PROYECTOS 2009 INSTITUTOS MILENIO;2009;2010;BIOMEDICAL NEUROSCIENCE INSTITUTE (BNI);MEDICINA Y CIENCIAS DE LA SALUD;SIN INFORMACION;NO APLICA;120;PERSONA NATURAL;ANDRES COUVE CORREA;HOMBRE;NO APLICA;RM;REGION METROPOLITANA;;No terminado
ICN09_016-R21;476;SUBDIRECCION DE CENTROS E INVESTIGACION ASOCIATIVA;MILENIO;INSTITUTO MILENIO EN CIENCIAS NATURALES Y EXACTAS;CONCURSO DE PROYECTOS 2009 INSTITUTOS MILENIO;2009;2010;MILLENNIUM INSTITUTE ON IMMUNOLOGY AND IMMUNOTHERAPY;MEDICINA Y CIENCIAS DE LA SALUD;SIN INFORMACION;NO APLICA;240;PERSONA NATURAL;ALEXIS KALERGIS PARRA;HOMBRE;NO APLICA;RM;REGION METROPOLITANA;;No terminado
ICN09_022;482;SUBDIRECCION DE CENTROS E INVESTIGACION ASOCIATIVA;MILENIO;INSTITUTO MILENIO EN CIENCIAS NATURALES Y EXACTAS;CONCURSO DE PROYECTOS 2009 INSTITUTOS MILENIO;2009;2010;CENTRO INTERDISCIPLINARIO DE NEUROCIENCIA DE VALPARAISO (CINV);MEDICINA Y CIENCIAS DE LA SALUD;SIN INFORMACION;NO APLICA;120;PERSONA NATURAL;RAMON LATORRE DE LA CRUZ;HOMBRE;NO APLICA;CENTRO;REGION DE VALPARAISO;;No terminado
NCN10_001;488;SUBDIRECCION DE CENTROS E INVESTIGACION ASOCIATIVA;MILENIO;NUCLEO MILENIO EN CIENCIAS NATURALES Y EXACTAS;CONCURSO DE PROYECTOS 2010 NUCLEOS MILENIO EN CIENCIAS NATURALES;2010;2011;CENTER FOR THE NEUROSCIENCE OF MEMORY;MEDICINA Y CIENCIAS DE LA SALUD;SIN INFORMACION;NO APLICA;36;PERSONA NATURAL;FRANCISCO ABOITIZ DOMINGUEZ;HOMBRE;NO APLICA;RM;REGION METROPOLITANA; $618.690 ;
NCN10_003-R13;490;SUBDIRECCION DE CENTROS E INVESTIGACION ASOCIATIVA;MILENIO;NUCLEO MILENIO EN CIENCIAS NATURALES Y EXACTAS;CONCURSO DE PROYECTOS 2010 NUCLEOS MILENIO EN CIENCIAS NATURALES;2010;2011;INTERDISCIPLINARY CENTER FOR IONIC LIQUIDS (CILIS);CIENCIAS NATURALES;SIN INFORMACION;NO APLICA;72;PERSONA NATURAL;RENATO CONTRERAS RAMOS;HOMBRE;NO APLICA;RM;REGION METROPOLITANA; $1.230.690 ;
NCN10_022-R13;509;SUBDIRECCION DE CENTROS E INVESTIGACION ASOCIATIVA;MILENIO;NUCLEO MILENIO EN CIENCIAS NATURALES Y EXACTAS;CONCURSO DE PROYECTOS 2010 NUCLEOS MILENIO EN CIENCIAS NATURALES;2010;2011;PROTOPLANETARY DISKS IN ALMA EARLY SCIENCE;CIENCIAS NATURALES;SIN INFORMACION;NO APLICA;72;PERSONA NATURAL;SIMON CASASSUS MONTERO;HOMBRE;NO APLICA;RM;REGION METROPOLITANA; $1.220.090 ;
NCN10_024-R13;511;SUBDIRECCION DE CENTROS E INVESTIGACION ASOCIATIVA;MILENIO;NUCLEO MILENIO EN CIENCIAS NATURALES Y EXACTAS;CONCURSO DE PROYECTOS 2010 NUCLEOS MILENIO EN CIENCIAS NATURALES;2010;2011;INFORMATION AND COORDINATION IN NETWORKS;CIENCIAS NATURALES;SIN INFORMACION;NO APLICA;72;PERSONA NATURAL;JOSE CORREA HAEUSSLER;HOMBRE;NO APLICA;RM;REGION METROPOLITANA; $1.366.690 ;
NCN10_030-R13;517;SUBDIRECCION DE CENTROS E INVESTIGACION ASOCIATIVA;MILENIO;NUCLEO MILENIO EN CIENCIAS NATURALES Y EXACTAS;CONCURSO DE PROYECTOS 2010 NUCLEOS MILENIO EN CIENCIAS NATURALES;2010;2011;ADVANCED OPTICS;CIENCIAS NATURALES;SIN INFORMACION;NO APLICA;72;PERSONA NATURAL;ALDO DELGADO HIDALGO;HOMBRE;NO APLICA;SUR;REGION DEL BIOBIO; $1.230.690 ;
NCN10_033-R13;520;SUBDIRECCION DE CENTROS E INVESTIGACION ASOCIATIVA;MILENIO;NUCLEO MILENIO EN CIENCIAS NATURALES Y EXACTAS;CONCURSO DE PROYECTOS 2010 NUCLEOS MILENIO EN CIENCIAS NATURALES;2010;2011;MARINE CONSERVATION CENTER;CIENCIAS NATURALES;SIN INFORMACION;NO APLICA;72;PERSONA NATURAL;MIRIAM FERNANDEZ BERGIA;MUJER;NO APLICA;RM;REGION METROPOLITANA; $1.230.690 ;
NCN10_035;522;SUBDIRECCION DE CENTROS E INVESTIGACION ASOCIATIVA;MILENIO;NUCLEO MILENIO EN CIENCIAS NATURALES Y EXACTAS;CONCURSO DE PROYECTOS 2010 NUCLEOS MILENIO EN CIENCIAS NATURALES;2010;2011;THE MEMBRANE PROTEIN STRUCTURAL BIOLOGY MILLENNIUM NUCLEUS;CIENCIAS NATURALES;SIN INFORMACION;NO APLICA;36;PERSONA NATURAL;NELSON BARRERA ROJAS;HOMBRE;NO APLICA;RM;REGION METROPOLITANA; $608.090 ;
NCS10_007;553;SUBDIRECCION DE CENTROS E INVESTIGACION ASOCIATIVA;MILENIO;NUCLEO MILENIO EN CIENCIAS SOCIALES;CONCURSO DE PROYECTOS 2010 NUCLEOS MILENIO EN CIENCIAS SOCIALES;2010;2011;NUCLEO DE INVESTIGACION EN ECONOMIA AMBIENTAL Y DE RECURSOS NATURALES;CIENCIAS SOCIALES;SIN INFORMACION;NO APLICA;36;PERSONA NATURAL;CARLOS CHAVEZ REBOLLEDO;HOMBRE;NO APLICA;SUR;REGION DEL BIOBIO; $418.379 ;
NCS10_009;555;SUBDIRECCION DE CENTROS E INVESTIGACION ASOCIATIVA;MILENIO;NUCLEO MILENIO EN CIENCIAS SOCIALES;CONCURSO DE PROYECTOS 2010 NUCLEOS MILENIO EN CIENCIAS SOCIALES;2010;2011;CENTRO DE ESTUDIOS URBANO-TERRITORIALES PARA LA REGION DEL MAULE;CIENCIAS SOCIALES;SIN INFORMACION;NO APLICA;36;PERSONA NATURAL;RODRIGO SALCEDO HANSEN;HOMBRE;NO APLICA;RM;REGION METROPOLITANA; $208.379 ;
NCS10_014-R13;560;SUBDIRECCION DE CENTROS E INVESTIGACION ASOCIATIVA;MILENIO;NUCLEO MILENIO EN CIENCIAS SOCIALES;CONCURSO DE PROYECTOS 2010 NUCLEOS MILENIO EN CIENCIAS SOCIALES;2010;2011;NUCLEO MILENIO PARA EL ESTUDIO DE LA ESTATALIDAD Y LA DEMOCRACIA EN AMERICA LATINA;CIENCIAS SOCIALES;SIN INFORMACION;NO APLICA;72;PERSONA NATURAL;JUAN PABLO LUNA FARIÑA;HOMBRE;NO APLICA;RM;REGION METROPOLITANA; $282.879 ;
NCS10_017;563;SUBDIRECCION DE CENTROS E INVESTIGACION ASOCIATIVA;MILENIO;NUCLEO MILENIO EN CIENCIAS SOCIALES;CONCURSO DE PROYECTOS 2010 NUCLEOS MILENIO EN CIENCIAS SOCIALES;2010;2011;CENTRO INTELIS;CIENCIAS SOCIALES;SIN INFORMACION;NO APLICA;36;PERSONA NATURAL;JOSE MIGUEL BENAVENTE HORMAZABAL;HOMBRE;NO APLICA;RM;REGION METROPOLITANA; $208.379 ;
NCS10_018;564;SUBDIRECCION DE CENTROS E INVESTIGACION ASOCIATIVA;MILENIO;NUCLEO MILENIO EN CIENCIAS SOCIALES;CONCURSO DE PROYECTOS 2010 NUCLEOS MILENIO EN CIENCIAS SOCIALES;2010;2011;INTERVENCION PSICOLOGICA Y CAMBIO EN DEPRESION;CIENCIAS SOCIALES;SIN INFORMACION;NO APLICA;36;PERSONA NATURAL;MARIANE KRAUSE JACOB;MUJER;NO APLICA;RM;REGION METROPOLITANA; $208.379 ;
NCS10_022;568;SUBDIRECCION DE CENTROS E INVESTIGACION ASOCIATIVA;MILENIO;NUCLEO MILENIO EN CIENCIAS SOCIALES;CONCURSO DE PROYECTOS 2010 NUCLEOS MILENIO EN CIENCIAS SOCIALES;2010;2011;CENTRO DE INVESTIGACION EN VULNERABILIDADES Y DESASTRES SOCIONATURALES;CIENCIAS SOCIALES;SIN INFORMACION;NO APLICA;36;PERSONA NATURAL;HUGO IVAN ROMERO ARAVENA;HOMBRE;NO APLICA;RM;REGION METROPOLITANA; $208.379 ;
NCN12_004-R16;591;SUBDIRECCION DE CENTROS E INVESTIGACION ASOCIATIVA;MILENIO;NUCLEO MILENIO EN CIENCIAS NATURALES Y EXACTAS;CONCURSO DE PROYECTOS 2012 NUCLEOS MILENIO EN CIENCIAS NATURALES;2012;2013;MILLENNIUM NUCLEUS CENTER FOR SEMANTIC WEB RESEARCH;INGENIERIA Y TECNOLOGIA;SIN INFORMACION;NO APLICA;72;PERSONA NATURAL;MARCELO ARENAS SAAVEDRA;HOMBRE;NO APLICA;RM;REGION METROPOLITANA; $660.000 ;
NCN12_027;614;SUBDIRECCION DE CENTROS E INVESTIGACION ASOCIATIVA;MILENIO;NUCLEO MILENIO EN CIENCIAS NATURALES Y EXACTAS;CONCURSO DE PROYECTOS 2012 NUCLEOS MILENIO EN CIENCIAS NATURALES;2012;2013;MILLENNIUM NUCLEUS IN MOLECULAR ECOLOGY AND EVOLUTIONARY APPLICATIONS IN THE AGROECOSYSTEMS;CIENCIAS AGRICOLAS;SIN INFORMACION;NO APLICA;36;PERSONA NATURAL;CHRISTIAN FIGUEROA CARO;HOMBRE;NO APLICA;CENTRO SUR;REGION DEL MAULE; $660.000 ;
NCN12_030-R16;617;SUBDIRECCION DE CENTROS E INVESTIGACION ASOCIATIVA;MILENIO;NUCLEO MILENIO EN CIENCIAS NATURALES Y EXACTAS;CONCURSO DE PROYECTOS 2012 NUCLEOS MILENIO EN CIENCIAS NATURALES;2012;2013;MILENIUM NUCLEUS FOR ECOLOGY AND SUSTAINABLE MANAGEMENT OF OCEANIC ISLANDS;CIENCIAS NATURALES;SIN INFORMACION;NO APLICA;72;PERSONA NATURAL;CARLOS GAYMER;HOMBRE;NO APLICA;CENTRO;REGION DE COQUIMBO;;No terminado
NCN12_043-R16;630;SUBDIRECCION DE CENTROS E INVESTIGACION ASOCIATIVA;MILENIO;NUCLEO MILENIO EN CIENCIAS NATURALES Y EXACTAS;CONCURSO DE PROYECTOS 2012 NUCLEOS MILENIO EN CIENCIAS NATURALES;2012;2013;MILLENNIUM NUCLEUS FOR FUNGAL INTEGRATIVE AND SYNTHETIC BIOLOGY (FISB);CIENCIAS NATURALES;SIN INFORMACION;NO APLICA;72;PERSONA NATURAL;LUIS FERNANDO LARRONDO CASTRO;HOMBRE;NO APLICA;RM;REGION METROPOLITANA; $858.118 ;
NCN12_062-R16;649;SUBDIRECCION DE CENTROS E INVESTIGACION ASOCIATIVA;MILENIO;NUCLEO MILENIO EN CIENCIAS NATURALES Y EXACTAS;CONCURSO DE PROYECTOS 2012 NUCLEOS MILENIO EN CIENCIAS NATURALES;2012;2013;MILLENIUM NUCLEUS STOCHASTIC MODELS OF DISORDERED AND COMPLEX SYSTEMS;CIENCIAS NATURALES;SIN INFORMACION;NO APLICA;72;PERSONA NATURAL;ALEJANDRO FRANCISCO RAMIREZ CHUAQUI;HOMBRE;NO APLICA;RM;REGION METROPOLITANA;;No terminado
NCN12_066;653;SUBDIRECCION DE CENTROS E INVESTIGACION ASOCIATIVA;MILENIO;NUCLEO MILENIO EN CIENCIAS NATURALES Y EXACTAS;CONCURSO DE PROYECTOS 2012 NUCLEOS MILENIO EN CIENCIAS NATURALES;2012;2013;MILLENNIUM NUCLEUS PALEO CLIMATE OF THE SOUTHERN HEMISPHERE;CIENCIAS NATURALES;SIN INFORMACION;NO APLICA;36;PERSONA NATURAL;MARIA HELOISA ROJAS CORRADI;MUJER;NO APLICA;RM;REGION METROPOLITANA; $654.118 ;
NCN12_082;669;SUBDIRECCION DE CENTROS E INVESTIGACION ASOCIATIVA;MILENIO;NUCLEO MILENIO EN CIENCIAS NATURALES Y EXACTAS;CONCURSO DE PROYECTOS 2012 NUCLEOS MILENIO EN CIENCIAS NATURALES;2012;2013;MILLENIUM NUCLEUS CHEMICAL PROCESSES AND CATALYSIS;CIENCIAS NATURALES;SIN INFORMACION;NO APLICA;36;PERSONA NATURAL;ALEJANDRO TORO LABBE;HOMBRE;NO APLICA;RM;REGION METROPOLITANA; $660.000 ;
NCN12_086-R16;673;SUBDIRECCION DE CENTROS E INVESTIGACION ASOCIATIVA;MILENIO;NUCLEO MILENIO EN CIENCIAS NATURALES Y EXACTAS;CONCURSO DE PROYECTOS 2012 NUCLEOS MILENIO EN CIENCIAS NATURALES;2012;2013;MILLENIUM NUCLEUS CENTER FOR THE STUDY OF MULTIPLE DRIVERS ON MARINE SOCIO-ECOLOGICAL SYSTEMS (MUSELS);CIENCIAS NATURALES;SIN INFORMACION;NO APLICA;72;PERSONA NATURAL;CRISTIAN VARGAS GALVEZ;HOMBRE;NO APLICA;SUR;REGION DEL BIOBIO;;No terminado
ICN09_009;686;SUBDIRECCION DE CENTROS E INVESTIGACION ASOCIATIVA;MILENIO;INSTITUTO MILENIO EN CIENCIAS NATURALES Y EXACTAS;CONCURSO DE PROYECTOS 2012 INSTITUTOS MILENIO EN CIENCIAS NATURALES;2012;2013;MILLENNIUM INSTITUTE OF ASTROPHYSICS (MAS);CIENCIAS NATURALES;SIN INFORMACION;NO APLICA;120;PERSONA NATURAL;MARIO ANDRES HAMUY WACKENHUT;HOMBRE;NO APLICA;RM;REGION METROPOLITANA;;No terminado
ICN09_019;696;SUBDIRECCION DE CENTROS E INVESTIGACION ASOCIATIVA;MILENIO;INSTITUTO MILENIO EN CIENCIAS NATURALES Y EXACTAS;CONCURSO DE PROYECTOS 2012 INSTITUTOS MILENIO EN CIENCIAS NATURALES;2012;2013;MILLENNIUM INSTITUTE FOR INTEGRATIVE OCEANOGRAPHY;CIENCIAS NATURALES;SIN INFORMACION;NO APLICA;120;PERSONA NATURAL;OSVALDO ULLOA QUIJADA;HOMBRE;NO APLICA;SUR;REGION DEL BIOBIO;;No terminado
NCN13_011;709;SUBDIRECCION DE CENTROS E INVESTIGACION ASOCIATIVA;MILENIO;NUCLEO MILENIO EN CIENCIAS NATURALES Y EXACTAS;CONCURSO DE PROYECTOS PARA NUCLEOS MILENIO EN CIENCIAS NATURALES Y SOCIALES;2013;2014;MILLENNIUM NUCLEUS BIOLOGY OF NEUROPSYCHIATRIC DISORDERS NU-MIND;CIENCIAS NATURALES;SIN INFORMACION;NO APLICA;36;PERSONA NATURAL;ANDRES CHAVEZ NAVARRETE;HOMBRE;NO APLICA;RM;REGION METROPOLITANA; $612.000 ;
NCN13_017;715;SUBDIRECCION DE CENTROS E INVESTIGACION ASOCIATIVA;MILENIO;NUCLEO MILENIO EN CIENCIAS NATURALES Y EXACTAS;CONCURSO DE PROYECTOS PARA NUCLEOS MILENIO EN CIENCIAS NATURALES Y SOCIALES;2013;2014;MILLENIUM NUCLEUS CENTER FOR THE ANALYSIS OF PARTIAL DIFFERENTIAL EQUATIONS;CIENCIAS NATURALES;SIN INFORMACION;NO APLICA;36;PERSONA NATURAL;MANUEL DEL PINO MANRESA;HOMBRE;NO APLICA;RM;REGION METROPOLITANA; $569.452 ;
NCN13_030;728;SUBDIRECCION DE CENTROS E INVESTIGACION ASOCIATIVA;MILENIO;NUCLEO MILENIO EN CIENCIAS NATURALES Y EXACTAS;CONCURSO DE PROYECTOS PARA NUCLEOS MILENIO EN CIENCIAS NATURALES Y SOCIALES;2013;2014;MILLENNIUM NUCLEUS CENTER FOR PLANT SYSTEMS AND SYNTHETIC BIOLOGY;CIENCIAS NATURALES;SIN INFORMACION;NO APLICA;36;PERSONA NATURAL;RODRIGO GUTIERREZ ILABACA;HOMBRE;NO APLICA;RM;REGION METROPOLITANA;;No terminado
NCN13_065-R17;763;SUBDIRECCION DE CENTROS E INVESTIGACION ASOCIATIVA;MILENIO;NUCLEO MILENIO EN CIENCIAS NATURALES Y EXACTAS;CONCURSO DE PROYECTOS PARA NUCLEOS MILENIO EN CIENCIAS NATURALES Y SOCIALES;2013;2014;MILLENNIUM NUCLEUS FOR METAL TRACING ALONG SUBDUCTION;CIENCIAS NATURALES;SIN INFORMACION;NO APLICA;72;PERSONA NATURAL;MARTIN REICH MORALES;HOMBRE;NO APLICA;RM;REGION METROPOLITANA;;No terminado
NCS13_004-R17;800;SUBDIRECCION DE CENTROS E INVESTIGACION ASOCIATIVA;MILENIO;NUCLEO MILENIO EN CIENCIAS SOCIALES;CONCURSO DE PROYECTOS PARA NUCLEOS MILENIO EN CIENCIAS NATURALES Y SOCIALES;2013;2014;MILENIUM NUCLEUS. CENTER FOR SOCIOECONOMIC IMPACT OF ENVIRONMENTAL POLICIES (CESIEP);CIENCIAS SOCIALES;SIN INFORMACION;NO APLICA;72;PERSONA NATURAL;RODRIGO ARRIAGADA CISTERNAS;HOMBRE;NO APLICA;RM;REGION METROPOLITANA;;No terminado
NCS13_008;804;SUBDIRECCION DE CENTROS E INVESTIGACION ASOCIATIVA;MILENIO;NUCLEO MILENIO EN CIENCIAS SOCIALES;CONCURSO DE PROYECTOS PARA NUCLEOS MILENIO EN CIENCIAS NATURALES Y SOCIALES;2013;2014;MILLENNIUM NUCLEUS ON CRITICAL CITIZENS, POLITICIZATION OF INEQUALITY AND INSTITUTIONS: CHILE'S POLITICAL REPRESENTATION IN COMPARATIVE PERSPECTIVE;CIENCIAS SOCIALES;SIN INFORMACION;NO APLICA;36;PERSONA NATURAL;ROSSANA CASTIGLIONI NUÑEZ;MUJER;NO APLICA;RM;REGION METROPOLITANA; $210.000 ;
NCS13_017;813;SUBDIRECCION DE CENTROS E INVESTIGACION ASOCIATIVA;MILENIO;NUCLEO MILENIO EN CIENCIAS SOCIALES;CONCURSO DE PROYECTOS PARA NUCLEOS MILENIO EN CIENCIAS NATURALES Y SOCIALES;2013;2014;MILLENIUM NUCLEUS MODELS OF CRISES: THE CHILEAN CASE;CIENCIAS SOCIALES;SIN INFORMACION;NO APLICA;36;PERSONA NATURAL;ALDO MASCAREÑO LARA;HOMBRE;NO APLICA;RM;REGION METROPOLITANA; $210.000 ;
NCS13_024-R17;820;SUBDIRECCION DE CENTROS E INVESTIGACION ASOCIATIVA;MILENIO;NUCLEO MILENIO EN CIENCIAS SOCIALES;CONCURSO DE PROYECTOS PARA NUCLEOS MILENIO EN CIENCIAS NATURALES Y SOCIALES;2013;2014;MILLENIUM NUCLEUS ON ENERGY AND SOCIETY RESEARCH (NUMIES);CIENCIAS SOCIALES;SIN INFORMACION;NO APLICA;72;PERSONA NATURAL;SEBASTIAN URETA ICAZA / TOMAS ARIZTIA LARRAIN;HOMBRE;NO APLICA;RM;REGION METROPOLITANA;;No terminado
NCS13_028;824;SUBDIRECCION DE CENTROS E INVESTIGACION ASOCIATIVA;MILENIO;NUCLEO MILENIO EN CIENCIAS SOCIALES;CONCURSO DE PROYECTOS PARA NUCLEOS MILENIO EN CIENCIAS NATURALES Y SOCIALES;2013;2014;MILLENIUM NUCLEUS IN ENTREPRENEURIAL STRATEGY UNDER UNCERTAINTY;CIENCIAS SOCIALES;SIN INFORMACION;NO APLICA;36;PERSONA NATURAL;STEPHEN XU ZHANG;HOMBRE;NO APLICA;RM;REGION METROPOLITANA; $210.000 ;
ICS13_002;826;SUBDIRECCION DE CENTROS E INVESTIGACION ASOCIATIVA;MILENIO;INSTITUTO MILENIO EN CIENCIAS SOCIALES;CONCURSO DE PROYECTOS PARA INSTITUTOS MILENIO EN CIENCIAS SOCIALES;2013;2014;MILLENNIUM INSTITUTE FOR RESEARCH IN MARKET IMPERFECTIONS AND PUBLIC POLICY;CIENCIAS SOCIALES;SIN INFORMACION;NO APLICA;120;PERSONA NATURAL;JUAN FERNANDO ESCOBAR CASTRO;HOMBRE;NO APLICA;RM;REGION METROPOLITANA;;No terminado
ICS13_005;829;SUBDIRECCION DE CENTROS E INVESTIGACION ASOCIATIVA;MILENIO;INSTITUTO MILENIO EN CIENCIAS SOCIALES;CONCURSO DE PROYECTOS PARA INSTITUTOS MILENIO EN CIENCIAS SOCIALES;2013;2014;MILLENNIUM INSTITUTE FOR RESEARCH ON DEPRESSION AND PERSONALITY;CIENCIAS SOCIALES;SIN INFORMACION;NO APLICA;120;PERSONA NATURAL;MARIANE KRAUSE JACOB;MUJER;NO APLICA;RM;REGION METROPOLITANA;;No terminado
NCN16_006-R19;843;SUBDIRECCION DE CENTROS E INVESTIGACION ASOCIATIVA;MILENIO;NUCLEO MILENIO EN CIENCIAS NATURALES Y EXACTAS;CONCURSO NUCLEO EN CIENCIAS NATURALES Y EXACTAS 2016;2016;2016;MILLENIUM NUCLEUS FOR PLANET FORMATION;CIENCIAS NATURALES;SIN INFORMACION;NO APLICA;72;PERSONA NATURAL;AMELIA BAYO ARAN;MUJER;NO APLICA;CENTRO;REGION DE VALPARAISO;;No terminado
NCN16_018-R19;855;SUBDIRECCION DE CENTROS E INVESTIGACION ASOCIATIVA;MILENIO;NUCLEO MILENIO EN CIENCIAS NATURALES Y EXACTAS;CONCURSO NUCLEO EN CIENCIAS NATURALES Y EXACTAS 2016;2016;2016;MILLENIUM NUCLEUS OF ION CHANNELS-ASSOCIATED DISEASES (MINICAD);CIENCIAS NATURALES;SIN INFORMACION;NO APLICA;72;PERSONA NATURAL;OSCAR CERDA ARANCIBIA;HOMBRE;NO APLICA;RM;REGION METROPOLITANA;;No terminado
NCN16_034;871;SUBDIRECCION DE CENTROS E INVESTIGACION ASOCIATIVA;MILENIO;NUCLEO MILENIO EN CIENCIAS NATURALES Y EXACTAS;CONCURSO NUCLEO EN CIENCIAS NATURALES Y EXACTAS 2016;2016;2016;MILLENIUM NUCLEUS OF INVASIVE SALMONIDS (INVASAL);CIENCIAS NATURALES;SIN INFORMACION;NO APLICA;36;PERSONA NATURAL;DANIEL GOMEZ UCHIDA;HOMBRE;NO APLICA;SUR;REGION DEL BIOBIO;;No terminado
NCN16_058-R19;895;SUBDIRECCION DE CENTROS E INVESTIGACION ASOCIATIVA;MILENIO;NUCLEO MILENIO EN CIENCIAS NATURALES Y EXACTAS;CONCURSO NUCLEO EN CIENCIAS NATURALES Y EXACTAS 2016;2016;2016;MILLENNIUM NUCLEUS THE EARTHQUAKE CYCLE ALONG SUBDUCTION ZONES (CYCLO);CIENCIAS NATURALES;SIN INFORMACION;NO APLICA;72;PERSONA NATURAL;DANIEL MELNICK D'ETIGNY;HOMBRE;NO APLICA;SUR;REGION DE LOS RIOS;;No terminado
NCN16_063;900;SUBDIRECCION DE CENTROS E INVESTIGACION ASOCIATIVA;MILENIO;NUCLEO MILENIO EN CIENCIAS NATURALES Y EXACTAS;CONCURSO NUCLEO EN CIENCIAS NATURALES Y EXACTAS 2016;2016;2016;MILLENNIUM NUCLEUS OF MULTIFUNCTIONAL MATERIALS FOR APPLIED SURFACE SCIENCE;CIENCIAS NATURALES;SIN INFORMACION;NO APLICA;36;PERSONA NATURAL;EDGAR MOSQUERA VARGAS;HOMBRE;NO APLICA;RM;REGION METROPOLITANA;;No terminado
NCN16_097-R19;934;SUBDIRECCION DE CENTROS E INVESTIGACION ASOCIATIVA;MILENIO;NUCLEO MILENIO EN CIENCIAS NATURALES Y EXACTAS;CONCURSO NUCLEO EN CIENCIAS NATURALES Y EXACTAS 2016;2016;2016;MILLENNIUM NUCLEUS PHYSICS OF ACTIVE MATTER;CIENCIAS NATURALES;SIN INFORMACION;NO APLICA;72;PERSONA NATURAL;RODRIGO SOTO BERTRAN;HOMBRE;NO APLICA;RM;REGION METROPOLITANA;;No terminado
NCN17_040-R21;986;SUBDIRECCION DE CENTROS E INVESTIGACION ASOCIATIVA;MILENIO;NUCLEO MILENIO EN CIENCIAS NATURALES Y EXACTAS;CONCURSO NUCLEOS EN CIENCIAS SOCIALES Y CIENCIAS NATURALES Y EXACTAS 2017;2017;2017;NUCLEO MILENIO EN PROCESOS CATALITICOS HACIA LA QUIMICA SUSTENTABLE;CIENCIAS NATURALES;SIN INFORMACION;NO APLICA;72;PERSONA NATURAL;NESTOR ESCALONA BURGOS;HOMBRE;NO APLICA;RM;REGION METROPOLITANA;;No terminado
NCN17_059;1005;SUBDIRECCION DE CENTROS E INVESTIGACION ASOCIATIVA;MILENIO;NUCLEO MILENIO EN CIENCIAS NATURALES Y EXACTAS;CONCURSO NUCLEOS EN CIENCIAS SOCIALES Y CIENCIAS NATURALES Y EXACTAS 2017;2017;2017;NUCLEO MILENIO CENTRO PARA EL DESCUBRIMIENTO DE ESTRUCTURAS EN DATOS COMPLEJOS ;CIENCIAS NATURALES;SIN INFORMACION;NO APLICA;36;PERSONA NATURAL;ALEJANDRO ANTONIO JARA VALLEJOS;HOMBRE;NO APLICA;RM;REGION METROPOLITANA;;No terminado
NCN17_079;1025;SUBDIRECCION DE CENTROS E INVESTIGACION ASOCIATIVA;MILENIO;NUCLEO MILENIO EN CIENCIAS NATURALES Y EXACTAS;CONCURSO NUCLEOS EN CIENCIAS SOCIALES Y CIENCIAS NATURALES Y EXACTAS 2017;2017;2017;NUCLEO MILENIO PALEOCLIMA;CIENCIAS NATURALES;SIN INFORMACION;NO APLICA;36;PERSONA NATURAL;PATRICIO IVAN MORENO MONCADA;HOMBRE;NO APLICA;RM;REGION METROPOLITANA;;No terminado
NCN17_081;1027;SUBDIRECCION DE CENTROS E INVESTIGACION ASOCIATIVA;MILENIO;NUCLEO MILENIO EN CIENCIAS NATURALES Y EXACTAS;CONCURSO NUCLEOS EN CIENCIAS SOCIALES Y CIENCIAS NATURALES Y EXACTAS 2017;2017;2017;NUCLEO MILENIO EN ENFOQUE INTERDISCIPLINARIO DE LA RESISTENCIA ANTIMICROBIANA ;MEDICINA Y CIENCIAS DE LA SALUD;SIN INFORMACION;NO APLICA;36;PERSONA NATURAL;JOSE MANUEL MUNITA SEPULVEDA;HOMBRE;NO APLICA;RM;REGION METROPOLITANA;;No terminado
NCN17_092;1038;SUBDIRECCION DE CENTROS E INVESTIGACION ASOCIATIVA;MILENIO;NUCLEO MILENIO EN CIENCIAS NATURALES Y EXACTAS;CONCURSO NUCLEOS EN CIENCIAS SOCIALES Y CIENCIAS NATURALES Y EXACTAS 2017;2017;2017;NUCLEO MILENIO EN METAMATERIALES MECANICOS SUAVES E INTELIGENTES;INGENIERIA Y TECNOLOGIA;SIN INFORMACION;NO APLICA;36;PERSONA NATURAL;HUMBERTO PALZA CORDERO;HOMBRE;NO APLICA;RM;REGION METROPOLITANA;;No terminado
NCN17_093;1039;SUBDIRECCION DE CENTROS E INVESTIGACION ASOCIATIVA;MILENIO;NUCLEO MILENIO EN CIENCIAS NATURALES Y EXACTAS;CONCURSO NUCLEOS EN CIENCIAS SOCIALES Y CIENCIAS NATURALES Y EXACTAS 2017;2017;2017;NUCLEO MILENIO BIOLOGIA DE MICROBIOTA INTESTINAL;MEDICINA Y CIENCIAS DE LA SALUD;SIN INFORMACION;NO APLICA;36;PERSONA NATURAL;DANIEL GONZALO PAREDES SABJA;HOMBRE;NO APLICA;RM;REGION METROPOLITANA;;No terminado
NCN17_129;1075;SUBDIRECCION DE CENTROS E INVESTIGACION ASOCIATIVA;MILENIO;NUCLEO MILENIO EN CIENCIAS NATURALES Y EXACTAS;CONCURSO NUCLEOS EN CIENCIAS SOCIALES Y CIENCIAS NATURALES Y EXACTAS 2017;2017;2017;NUCLEO MILENIO EN RESONANCIA MAGNETICA CARDIOVASCULAR;INGENIERIA Y TECNOLOGIA;SIN INFORMACION;NO APLICA;36;PERSONA NATURAL;SERGIO ANDRES URIBE ARANCIBIA;HOMBRE;NO APLICA;RM;REGION METROPOLITANA;;No terminado
NCS17_007;1098;SUBDIRECCION DE CENTROS E INVESTIGACION ASOCIATIVA;MILENIO;NUCLEO MILENIO EN CIENCIAS SOCIALES;CONCURSO NUCLEOS EN CIENCIAS SOCIALES Y CIENCIAS NATURALES Y EXACTAS 2017;2017;2017;NUCLEO MILENIO EL EJERCICIO DE LA AUTORIDAD EN LA SOCIEDAD CHILENA. REARTICULACIONES DE LA GESTION DE LAS ASIMETRIAS DE PODER EN LAS RELACIONES SOCIALES.;CIENCIAS SOCIALES;SIN INFORMACION;NO APLICA;36;PERSONA NATURAL;KATHYA ARAUJO KAKIUCHI;MUJER;NO APLICA;RM;REGION METROPOLITANA;;No terminado
NCS17_015;1106;SUBDIRECCION DE CENTROS E INVESTIGACION ASOCIATIVA;MILENIO;NUCLEO MILENIO EN CIENCIAS SOCIALES;CONCURSO NUCLEOS EN CIENCIAS SOCIALES Y CIENCIAS NATURALES Y EXACTAS 2017;2017;2017;NUCLEO MILENIO EN DESARROLLO SOCIAL;CIENCIAS SOCIALES;SIN INFORMACION;NO APLICA;36;PERSONA NATURAL;FABIAN ROLANDO DUARTE VASQUEZ;HOMBRE;NO APLICA;RM;REGION METROPOLITANA;;No terminado
NCS17_020-R21;1111;SUBDIRECCION DE CENTROS E INVESTIGACION ASOCIATIVA;MILENIO;NUCLEO MILENIO EN CIENCIAS SOCIALES;CONCURSO NUCLEOS EN CIENCIAS SOCIALES Y CIENCIAS NATURALES Y EXACTAS 2017;2017;2017;NUCLEO MILENIO, EXPERIENCIAS DE LOS ESTUDIANTES DE LA EDUCACION SUPERIOR EN CHILE: ¿POR QUE Y PARA QUE?;CIENCIAS SOCIALES;SIN INFORMACION;NO APLICA;72;PERSONA NATURAL;CARLOS GONZALEZ UGALDE;HOMBRE;NO APLICA;RM;REGION METROPOLITANA;;No terminado
NCS17_021;1112;SUBDIRECCION DE CENTROS E INVESTIGACION ASOCIATIVA;MILENIO;NUCLEO MILENIO EN CIENCIAS SOCIALES;CONCURSO NUCLEOS EN CIENCIAS SOCIALES Y CIENCIAS NATURALES Y EXACTAS 2017;2017;2017;NUCLEO MILENIO ARTE, PERFORMATIVIDAD Y ACTIVISMO;HUMANIDADES;SIN INFORMACION;NO APLICA;36;PERSONA NATURAL;MILENA GRASS KLEINER;MUJER;NO APLICA;RM;REGION METROPOLITANA;;No terminado
NCS17_027;1118;SUBDIRECCION DE CENTROS E INVESTIGACION ASOCIATIVA;MILENIO;NUCLEO MILENIO EN CIENCIAS SOCIALES;CONCURSO NUCLEOS EN CIENCIAS SOCIALES Y CIENCIAS NATURALES Y EXACTAS 2017;2017;2017;NUCLEO MILENIO MOVILIDADES Y TERRITORIOS;CIENCIAS SOCIALES;SIN INFORMACION;NO APLICA;36;PERSONA NATURAL;PAOLA ANDREA JIRON MARTINEZ;MUJER;NO APLICA;RM;REGION METROPOLITANA;;No terminado
NCS17_035-R21;1126;SUBDIRECCION DE CENTROS E INVESTIGACION ASOCIATIVA;MILENIO;NUCLEO MILENIO EN CIENCIAS SOCIALES;CONCURSO NUCLEOS EN CIENCIAS SOCIALES Y CIENCIAS NATURALES Y EXACTAS 2017;2017;2017;NUCLEO MILENIO PARA MEJORAR LA SALUD MENTAL DE ADOLESCENTES Y JOVENES;CIENCIAS SOCIALES;SIN INFORMACION;NO APLICA;72;PERSONA NATURAL;VANIA ANGELICA MARTINEZ NAHUEL;MUJER;NO APLICA;RM;REGION METROPOLITANA;;No terminado
NCS17_062;1153;SUBDIRECCION DE CENTROS E INVESTIGACION ASOCIATIVA;MILENIO;NUCLEO MILENIO EN CIENCIAS SOCIALES;CONCURSO NUCLEOS EN CIENCIAS SOCIALES Y CIENCIAS NATURALES Y EXACTAS 2017;2017;2017;NUCLEO MILENIO PARA EL ESTUDIO DEL CURSO DE VIDA Y LA VULNERABILIDAD (MLIV);CIENCIAS SOCIALES;SIN INFORMACION;NO APLICA;36;PERSONA NATURAL;VIVIANA MONZERRATT SALINAS ULLOA;MUJER;NO APLICA;RM;REGION METROPOLITANA;;No terminado
ICN17_002;1172;SUBDIRECCION DE CENTROS E INVESTIGACION ASOCIATIVA;MILENIO;INSTITUTO MILENIO EN CIENCIAS NATURALES Y EXACTAS;CONCURSO INSTITUTO CIENCIAS NATURALES Y EXACTAS 2017;2017;2017;INSTITUTO MILENIO DE INVESTIGACION SOBRE LOS FUNDAMENTOS DE LOS DATOS;CIENCIAS NATURALES;SIN INFORMACION;NO APLICA;120;PERSONA NATURAL;MARCELO ALEJANDRO ARENAS SAAVEDRA;HOMBRE;NO APLICA;RM;REGION METROPOLITANA;;No terminado
ICN17_012;1182;SUBDIRECCION DE CENTROS E INVESTIGACION ASOCIATIVA;MILENIO;INSTITUTO MILENIO EN CIENCIAS NATURALES Y EXACTAS;CONCURSO INSTITUTO CIENCIAS NATURALES Y EXACTAS 2017;2017;2017;INSTITUTO MILENIO DE INVESTIGACION EN OPTICA;CIENCIAS NATURALES;SIN INFORMACION;NO APLICA;120;PERSONA NATURAL;ALDO PATRICIO DELGADO HIDALGO;HOMBRE;NO APLICA;SUR;REGION DEL BIOBIO;;No terminado
ICN17_022;1192;SUBDIRECCION DE CENTROS E INVESTIGACION ASOCIATIVA;MILENIO;INSTITUTO MILENIO EN CIENCIAS NATURALES Y EXACTAS;CONCURSO INSTITUTO CIENCIAS NATURALES Y EXACTAS 2017;2017;2017;INSTITUTO MILENIO DE BIOLOGIA INTEGRATIVA DE SISTEMAS Y SINTETICA;CIENCIAS NATURALES;SIN INFORMACION;NO APLICA;120;PERSONA NATURAL;LUIS LARRONDO CASTRO;HOMBRE;NO APLICA;RM;REGION METROPOLITANA;;No terminado
NCN19_038;1243;SUBDIRECCION DE CENTROS E INVESTIGACION ASOCIATIVA;MILENIO;NUCLEO MILENIO EN CIENCIAS NATURALES Y EXACTAS;CONCURSO NUCLEOS CIENCIAS NATURALES Y EXACTAS 2019;2019;2020;MILLENNIUM NUCLEUS FOR THE STUDY OF PAIN (MINUSPAIN)Â€;MEDICINA Y CIENCIAS DE LA SALUD;SIN INFORMACION;NO APLICA;36;PERSONA NATURAL;MARGARITA CALVO BASCUNAN;MUJER;NO APLICA;RM;REGION METROPOLITANA;;No terminado
NCN19_056;1261;SUBDIRECCION DE CENTROS E INVESTIGACION ASOCIATIVA;MILENIO;NUCLEO MILENIO EN CIENCIAS NATURALES Y EXACTAS;CONCURSO NUCLEOS CIENCIAS NATURALES Y EXACTAS 2019;2019;2020;MILLENNIUM NUCLEUS FOR ECOLOGY AND CONSERVATION TEMPERATE MESOPHOTIC REEF ECOSYSTEMS;CIENCIAS NATURALES;SIN INFORMACION;NO APLICA;36;PERSONA NATURAL;ALEJANDRO PEREZ MATUS;HOMBRE;NO APLICA;CENTRO;REGION DE VALPARAISO;;No terminado
NCN19_058;1263;SUBDIRECCION DE CENTROS E INVESTIGACION ASOCIATIVA;MILENIO;NUCLEO MILENIO EN CIENCIAS NATURALES Y EXACTAS;CONCURSO NUCLEOS CIENCIAS NATURALES Y EXACTAS 2019;2019;2020;MILLENNIUM NUCLEUS FOR TRANSVERSAL RESEARCH AND TECHNOLOGY TO EXPLORE SUPERMASSIVE BLACK HOLES;CIENCIAS NATURALES;SIN INFORMACION;NO APLICA;36;PERSONA NATURAL;NEIL MARK NAGAR;HOMBRE;NO APLICA;SUR;REGION DEL BIOBIO;;No terminado
NCN19_153;1358;SUBDIRECCION DE CENTROS E INVESTIGACION ASOCIATIVA;MILENIO;NUCLEO MILENIO EN CIENCIAS NATURALES Y EXACTAS;CONCURSO NUCLEOS CIENCIAS NATURALES Y EXACTAS 2019;2019;2020;MILLENIUM NUCLEUS UPWELL: UNDERSTANDING PAST COASTAL UPWELLING SYSTEM AND ENVIRONMENTAL LOCAL AND LASTING IMPACTS;CIENCIAS NATURALES;SIN INFORMACION;NO APLICA;36;PERSONA NATURAL;EUGENIA MONSERRAT GAYO HERNANDEZ;MUJER;NO APLICA;SUR;REGION DEL BIOBIO;;No terminado
NCN19_161;1366;SUBDIRECCION DE CENTROS E INVESTIGACION ASOCIATIVA;MILENIO;NUCLEO MILENIO EN CIENCIAS NATURALES Y EXACTAS;CONCURSO NUCLEOS CIENCIAS NATURALES Y EXACTAS 2019;2019;2020;MILLENNIUM NUCLEUS FOR APPLIED CONTROL AND INVERSE PROBLEMS;CIENCIAS NATURALES;SIN INFORMACION;NO APLICA;36;PERSONA NATURAL;EDUARDO CERPA JERIA;HOMBRE;NO APLICA;RM;REGION METROPOLITANA;;No terminado
ICN19_015;1386;SUBDIRECCION DE CENTROS E INVESTIGACION ASOCIATIVA;MILENIO;INSTITUTO MILENIO EN CIENCIAS NATURALES Y EXACTAS;CONCURSO INSTITUTO MILENIO CIENCIAS NATURALES Y EXACTAS 2019;2019;2020;COASTAL SOCIAL-ECOLOGICAL MILLENNIUM INSTITUTE (SECOS);CIENCIAS NATURALES;SIN INFORMACION;NO APLICA;120;PERSONA NATURAL;STEFAN GELCICH CROSSLEY;HOMBRE;NO APLICA;RM;REGION METROPOLITANA;;No terminado
ICN19_044;1415;SUBDIRECCION DE CENTROS E INVESTIGACION ASOCIATIVA;MILENIO;INSTITUTO MILENIO EN CIENCIAS NATURALES Y EXACTAS;CONCURSO INSTITUTO MILENIO CIENCIAS NATURALES Y EXACTAS 2019;2019;2020;MILLENNIUM INSTITUTE FOR SUBATOMIC PHYSICS AT THE HIGH-ENERGY FRONTIER;CIENCIAS NATURALES;SIN INFORMACION;NO APLICA;120;PERSONA NATURAL;SERGEY KULESHOV VALENTINOVNA;HOMBRE;NO APLICA;RM;REGION METROPOLITANA;;No terminado
ICS19_024;1441;SUBDIRECCION DE CENTROS E INVESTIGACION ASOCIATIVA;MILENIO;INSTITUTO MILENIO EN CIENCIAS SOCIALES;CONCURSO INSTITUTO MILENIO CIENCIAS SOCIALES 2019;2019;2020;MILLENNIUM INSTITUTE FOR CAREGIVING RESEARCH;CIENCIAS SOCIALES;SIN INFORMACION;NO APLICA;120;PERSONA NATURAL;CLAUDIA MIRANDA CASTILLO;MUJER;NO APLICA;RM;REGION METROPOLITANA;;No terminado
ICS19_025;1442;SUBDIRECCION DE CENTROS E INVESTIGACION ASOCIATIVA;MILENIO;INSTITUTO MILENIO EN CIENCIAS SOCIALES;CONCURSO INSTITUTO MILENIO CIENCIAS SOCIALES 2019;2019;2020;MILLENIMUM INSTITUTE ON VIOLENCE AND DEMOCRACY RESEARCH;CIENCIAS SOCIALES;SIN INFORMACION;NO APLICA;120;PERSONA NATURAL;HELENE RISOR RISOR;MUJER;NO APLICA;RM;REGION METROPOLITANA;;No terminado
NCN21_010;1469;SUBDIRECCION DE CENTROS E INVESTIGACION ASOCIATIVA;MILENIO;NUCLEO MILENIO EN CIENCIAS NATURALES Y EXACTAS;CONCURSO DE NUCLEOS MILENIO EN CIENCIAS NATURALES Y EXACTAS 2021;2021;2021;MILLENNIUM NUCLEUS FOR THE DEVELOPMENT OF SUPER ADAPTABLE PLANTS (MN-SAP);CIENCIAS NATURALES;SIN INFORMACION;NO APLICA;36;PERSONA NATURAL;JOSE MANUEL ESTEVEZ LOPEZ RUIZ;HOMBRE;NO APLICA;RM;REGION METROPOLITANA;;No terminado
NCN21_017;1476;SUBDIRECCION DE CENTROS E INVESTIGACION ASOCIATIVA;MILENIO;NUCLEO MILENIO EN CIENCIAS NATURALES Y EXACTAS;CONCURSO DE NUCLEOS MILENIO EN CIENCIAS NATURALES Y EXACTAS 2021;2021;2021;MILLENIUM NUCLEUS FOR THE EVOLUTIONARY RECONSTRUCTION OF THE INTERSTELLAR MEDIUM;CIENCIAS NATURALES;SIN INFORMACION;NO APLICA;36;PERSONA NATURAL;PAULA JOFRE PFEIL;MUJER;NO APLICA;RM;REGION METROPOLITANA;;No terminado
NCN21_021;1480;SUBDIRECCION DE CENTROS E INVESTIGACION ASOCIATIVA;MILENIO;NUCLEO MILENIO EN CIENCIAS NATURALES Y EXACTAS;CONCURSO DE NUCLEOS MILENIO EN CIENCIAS NATURALES Y EXACTAS 2021;2021;2021;NUCLEOUS IN NANOBIOPHYSICS;CIENCIAS NATURALES;SIN INFORMACION;NO APLICA;36;PERSONA NATURAL;JOSE GARATE CHATEAU;HOMBRE;NO APLICA;CENTRO;REGION DE VALPARAISO;;No terminado
NCN21_033;1492;SUBDIRECCION DE CENTROS E INVESTIGACION ASOCIATIVA;MILENIO;NUCLEO MILENIO EN CIENCIAS NATURALES Y EXACTAS;CONCURSO DE NUCLEOS MILENIO EN CIENCIAS NATURALES Y EXACTAS 2021;2021;2021;MILLENIUM NUCLEUS MARINE AGRONOMY OF SEAWEED HOLOBIONTS;CIENCIAS NATURALES;SIN INFORMACION;NO APLICA;36;PERSONA NATURAL;CAROLINA CAMUS TORRES;MUJER;NO APLICA;SUR;REGION DE LOS LAGOS;;No terminado
NCN21_050;1509;SUBDIRECCION DE CENTROS E INVESTIGACION ASOCIATIVA;MILENIO;NUCLEO MILENIO EN CIENCIAS NATURALES Y EXACTAS;CONCURSO DE NUCLEOS MILENIO EN CIENCIAS NATURALES Y EXACTAS 2021;2021;2021;MILLENIUM NUCLEUS OF PATAGONIAN LIMIT-OF-LIFE: ENVIRONMENTAL CONSTRAINTS ON GENETICS AND ECOPHYSIOLOGY;CIENCIAS NATURALES;SIN INFORMACION;NO APLICA;36;PERSONA NATURAL;ROBERTO NESPOLO ROSSI;HOMBRE;NO APLICA;SUR;REGION DE LOS RIOS;;No terminado
NCN21_056;1515;SUBDIRECCION DE CENTROS E INVESTIGACION ASOCIATIVA;MILENIO;NUCLEO MILENIO EN CIENCIAS NATURALES Y EXACTAS;CONCURSO DE NUCLEOS MILENIO EN CIENCIAS NATURALES Y EXACTAS 2021;2021;2021;MILLENIUM NUCLEUS OF AUSTRAL INVASIVE SALMONIDS;CIENCIAS NATURALES;SIN INFORMACION;NO APLICA;36;PERSONA NATURAL;DANIEL GUILLERMO GOMEZ UCHIDA;HOMBRE;NO APLICA;SUR;REGION DEL BIOBIO;;No terminado
NCN21_080;1539;SUBDIRECCION DE CENTROS E INVESTIGACION ASOCIATIVA;MILENIO;NUCLEO MILENIO EN CIENCIAS NATURALES Y EXACTAS;CONCURSO DE NUCLEOS MILENIO EN CIENCIAS NATURALES Y EXACTAS 2021;2021;2021;MILLENNIUM NUCLEUS ON YOUNG EXOPLANETS AND THEIR MOONS;CIENCIAS NATURALES;SIN INFORMACION;NO APLICA;36;PERSONA NATURAL;SEBASTIAN PEREZ MARQUEZ;HOMBRE;NO APLICA;RM;REGION METROPOLITANA;;No terminado
NCS21_003;1551;SUBDIRECCION DE CENTROS E INVESTIGACION ASOCIATIVA;MILENIO;NUCLEO MILENIO EN CIENCIAS SOCIALES;CONCURSO DE NUCLEOS MILENIO EN CIENCIAS SOCIALES 2021;2021;2021;MILLENNIUM NUCLEUS FOR THE EVALUATION AND ANALYSIS OF DRUG POLICIES;CIENCIAS SOCIALES;SIN INFORMACION;NO APLICA;36;PERSONA NATURAL;ALVARO ERNESTO CASTILLO CARNIGLIA;HOMBRE;NO APLICA;RM;REGION METROPOLITANA;;No terminado
NCS21_013;1561;SUBDIRECCION DE CENTROS E INVESTIGACION ASOCIATIVA;MILENIO;NUCLEO MILENIO EN CIENCIAS SOCIALES;CONCURSO DE NUCLEOS MILENIO EN CIENCIAS SOCIALES 2021;2021;2021;NUCLEO MILENIO DE SOCIOMEDICINA;CIENCIAS SOCIALES;SIN INFORMACION;NO APLICA;36;PERSONA NATURAL;ESTEBAN CALVO BRALIC;HOMBRE;NO APLICA;RM;REGION METROPOLITANA;;No terminado
NCS21_014;1562;SUBDIRECCION DE CENTROS E INVESTIGACION ASOCIATIVA;MILENIO;NUCLEO MILENIO EN CIENCIAS SOCIALES;CONCURSO DE NUCLEOS MILENIO EN CIENCIAS SOCIALES 2021;2021;2021;MILLENNIUM NUCLEUS FOR THE STUDY OF THE DEVELOPMENT OF EARLY MATH SKILLS;CIENCIAS SOCIALES;SIN INFORMACION;NO APLICA;36;PERSONA NATURAL;MARIA INES SUSPERREGUY JORQUERA;MUJER;NO APLICA;RM;REGION METROPOLITANA;;No terminado
NCS21_033;1581;SUBDIRECCION DE CENTROS E INVESTIGACION ASOCIATIVA;MILENIO;NUCLEO MILENIO EN CIENCIAS SOCIALES;CONCURSO DE NUCLEOS MILENIO EN CIENCIAS SOCIALES 2021;2021;2021;MILLENNIUM NUCLEUS ON THE EVOLUTION OF WORK;CIENCIAS SOCIALES;SIN INFORMACION;NO APLICA;36;PERSONA NATURAL;JEANNE LAFORTUNE .;MUJER;NO APLICA;RM;REGION METROPOLITANA;;No terminado
NCS21_040;1588;SUBDIRECCION DE CENTROS E INVESTIGACION ASOCIATIVA;MILENIO;NUCLEO MILENIO EN CIENCIAS SOCIALES;CONCURSO DE NUCLEOS MILENIO EN CIENCIAS SOCIALES 2021;2021;2021;MILLENIUM NUCLEUS OCEAN, HERITAGE AND CULTURE;CIENCIAS SOCIALES;SIN INFORMACION;NO APLICA;36;PERSONA NATURAL;MARIA ISABEL CARTAJENA FASTING;MUJER;NO APLICA;RM;REGION METROPOLITANA;;No terminado
NCS21_063;1611;SUBDIRECCION DE CENTROS E INVESTIGACION ASOCIATIVA;MILENIO;NUCLEO MILENIO EN CIENCIAS SOCIALES;CONCURSO DE NUCLEOS MILENIO EN CIENCIAS SOCIALES 2021;2021;2021;CENTER FOR THE STUDY OF POLITICS, PUBLIC OPINION AND MEDIA IN CHILE;CIENCIAS SOCIALES;SIN INFORMACION;NO APLICA;36;PERSONA NATURAL;PATRICIO DANIEL NAVIA LUCERO;HOMBRE;NO APLICA;RM;REGION METROPOLITANA;;No terminado
NCS21_072;1620;SUBDIRECCION DE CENTROS E INVESTIGACION ASOCIATIVA;MILENIO;NUCLEO MILENIO EN CIENCIAS SOCIALES;CONCURSO DE NUCLEOS MILENIO EN CIENCIAS SOCIALES 2021;2021;2021;MILLENNIUM NUCLEUS ON INTERGENERATIONAL MOBILITY: FROM MODELLING TO POLICY;CIENCIAS SOCIALES;SIN INFORMACION;NO APLICA;36;PERSONA NATURAL;ERNESTO JAVIER SAN MARTIN GUTIERREZ;HOMBRE;NO APLICA;RM;REGION METROPOLITANA;;No terminado
ICN21_002;1630;SUBDIRECCION DE CENTROS E INVESTIGACION ASOCIATIVA;MILENIO;INSTITUTO MILENIO EN CIENCIAS NATURALES Y EXACTAS;CONCURSO DE INSTITUTOS MILENIO EN CIENCIAS NATURALES Y EXACTAS 2021;2021;2021;MILLENNIUM INSTITUTE BIODIVERSITY OF ANTARCTIC AND SUBANTARCTIC ECOSYSTEMS;CIENCIAS NATURALES;SIN INFORMACION;NO APLICA;120;PERSONA NATURAL;ELIE POULIN CHARMOLUE;HOMBRE;NO APLICA;RM;REGION METROPOLITANA;;No terminado
ICN21_004;1632;SUBDIRECCION DE CENTROS E INVESTIGACION ASOCIATIVA;MILENIO;INSTITUTO MILENIO EN CIENCIAS NATURALES Y EXACTAS;CONCURSO DE INSTITUTOS MILENIO EN CIENCIAS NATURALES Y EXACTAS 2021;2021;2021;MILLENNIUM INSTITUTE FOR INTELLIGENT HEALTHCARE ENGINEERING;INGENIERIA Y TECNOLOGIA;SIN INFORMACION;NO APLICA;120;PERSONA NATURAL;CLAUDIA PRIETO VASQUEZ;MUJER;NO APLICA;RM;REGION METROPOLITANA;;No terminado
